SL No.,NDVI,LST,BURNED_AREA,1 Occurrence
1,0.506782,14584.27273,4.692308,0
2,0.52215,14655.83333,5,0
3,0.682284,14780,5,1
4,0.120046,13298.5,3.5,0
5,0.568734,14743,5,0
6,0.454228,14929.57143,4.904762,1
7,0.508299,14333.375,4.976563,1
8,0.519243,14738,5,1
9,0.696477,14658,3,0
10,0.57501,15169.19048,4.809524,0
11,0.433218,14721.12785,4.433486,0
12,0.631009,14564.07692,4.915094,0
13,0.635615,14734.33769,4.496235,1
14,0.608305,14512.5,4,0
15,0.596891,14336.14151,4.716981,0
16,0.339097,14159.75,5,0
17,0.569658,14462,3,1
18,0.502957,15302,5,0
19,0.506682,14724.46825,4.984375,1
20,0.64064,14349.68,4.62029,1
21,0.6191,14285,5,0
22,0.560908,14977.85294,5,0
23,0.44088,14745.96457,4.574194,1
24,0.579521,15032.13433,4.983051,0
25,0.421213,15420.66384,4.749247,1
26,0.486325,15022.95833,3.862069,1
27,0.686572,14139,5,0
28,0.634834,14690.5971,4.298551,0
29,0.614242,14445.5,5,0
30,0.525014,14660,3,0
31,0.575182,14763.5,4.676056,1
32,0.43879,15208.23077,4.4,1
33,0.5545,14213,5,0
34,0.540683,14900.29452,4.898305,0
35,0.532021,15293.35294,5,0
36,0.656264,14546,5,0
37,0.594663,14151.5,3,0
38,0.588483,14772.21888,5.025424,0
39,0.675575,15033.5,5,0
40,0.556863,14808,5,0
41,0.546875,14584.16279,4.348837,0
42,0.533645,15090.85714,5,0
43,0.688404,14835,5,0
44,0.603207,14985,5,0
45,0.638939,14668.5,5,1
46,0.425514,14507,5,0
47,0.600452,14997.39623,4.792453,0
48,0.563287,14281.91824,4.932079,0
49,0.482204,15368.72642,4.716981,1
50,0.563287,14673.4902,4.882353,0
51,0.543882,15283,5,0
52,0.602972,14809.31579,5,0
53,0.638503,15075.07547,4.716981,0
54,0.588702,13699.44737,4.385744,0
55,0.713023,14932.36364,5,0
56,0.472832,14345,5,0
57,0.717785,15054,5,0
58,0.373782,15151.63636,5,0
59,0.359946,15359.27273,5,0
60,0.6927,14572,5,0
61,0.596961,14509,5,0
62,0.522106,14369,4.888889,1
63,0.602314,14659.93443,4.879781,0
64,0.534302,14682.6875,5,0
65,0.521693,15138.23529,5,0
66,0.58055,15107.5,5,0
67,0.57065,14793.56,5,0
68,0.672834,14626,5,0
69,0.586997,13920,5,0
70,0.471685,14739,4,0
71,0.628291,14918.68868,4.764151,0
72,0.63684,14884.68945,4.746235,1
73,0.577265,13837.24,4.773585,0
74,0.519172,15033,5,0
75,0.502624,14229.5,5,0
76,0.62055,14666.29032,4.651163,0
77,0.667647,15085,5,0
78,0.636119,14871,5,0
79,0.571949,15281.85714,4.802817,1
80,0.614769,14990.62791,4.627907,1
81,0.472933,14929.75,4,1
82,0.633808,14690.8835,4.868421,0
83,0.578655,13747.13044,4.339623,0
84,0.424832,14983.8871,4.498494,1
85,0.092547,13486,4,0
86,0.573026,14721,5,0
87,0.444346,15193.15165,4.915254,0
88,0.600845,14785,5,0
89,0.474726,14694.59397,4.872979,1
90,0.611728,14915,5,1
91,0.630937,14534.51443,4.663173,0
92,0.673342,14841,3,0
93,0.629026,13911,4.880952,0
94,0.617781,14934,5,1
95,0.433112,14687.376,5,0
96,0.490881,15115.66667,4.5,0
97,0.500597,14772.20833,5,0
98,0.593139,14617.83333,5,0
99,0.565399,14385.57143,5,0
100,0.434679,15065.2,5,0
101,0.525336,14971.16667,4.888889,0
102,0.66026,14464.44444,4.888889,0
103,0.685019,14604,5,1
104,0.503555,15338.56522,4.982609,0
105,0.601725,14856.18182,5,0
106,0.591912,14903,4,0
107,0.57594,15109,5,0
108,0.582301,14961.77778,4,1
109,0.570747,14504.41286,4.235414,0
110,0.60287,14447.66667,3.666667,0
111,0.401609,13863.31818,4.583333,0
112,0.599489,14711.5,3,0
113,0.555382,14697.33333,5,0
114,0.50683,14333.57143,4.785714,1
115,0.591742,14234.69444,4.947034,0
116,0.548443,15130.19048,4.619048,0
117,0.444175,14528,4.7,1
118,0.636726,14418.64407,4.928571,0
119,0.472408,14805.77778,4.077079,1
120,0.587625,14881.3,3.8,0
121,0.683897,14844,5,0
122,0.558721,15039.43651,4.888889,0
123,0.545559,14113.41989,4.62439,0
124,0.579063,14532.76,3.93913,0
125,0.425139,14495.63333,5,0
126,0.614242,14445.5,5,0
127,0.568812,14698.83333,4.071429,0
128,0.60056,14897.74074,4.413793,1
129,0.61425,14636.5,4,1
130,0.568388,14608,3,1
131,0.506331,14726,5,1
132,0.530633,14800.90244,4.746032,0
133,0.517031,14526.46429,4.97619,0
134,0.569022,14886.63441,4.969574,1
135,0.588788,14574,5,0
136,0.391421,14094,5,0
137,0.595854,14681.85185,3.706897,1
138,0.57268,15120.6875,3.875,0
139,0.562434,15198.88372,5.186047,1
140,0.573356,13640.5,3,0
141,0.428883,14715.275,4.902542,0
142,0.556638,15272.5,5,0
143,0.630026,14395.87719,4.548246,0
144,0.580193,14575,5,0
145,0.659175,14589,5,0
146,0.377639,14708.29412,4.944573,1
147,0.576844,14545,5,0
148,0.62222,14464,3,0
149,0.60495,14905.50856,4.99521,1
150,0.536268,13998,4,0
151,0.656264,14546,5,0
152,0.496743,15038.91667,4.75,0
153,0.480501,14022.21053,4.761905,0
154,0.50297,14742.00935,4.912698,0
155,0.503497,14415.41739,5,0
156,0.585781,15043.33333,5,0
157,0.598009,14193.28571,4.775956,0
158,0.713342,14848,5,0
159,0.605086,14091.5,3,0
160,0.495869,14564.54032,4.8125,0
161,0.478873,15154.5,4.982456,1
162,0.530114,15221.09788,5.178899,0
163,0.622892,14112.23256,4.985507,0
164,0.602128,14970.8,3.793103,0
165,0.529735,14537,5,0
166,0.600585,14482,4.2,0
167,0.579892,15148,4,0
168,0.601972,14747.35714,4.809524,0
169,0.59929,15056.71429,4.714286,0
170,0.633808,14690.8835,4.868421,0
171,0.504636,14256.16981,4.084556,0
172,0.475246,14044,4.5,0
173,0.558943,14867.40909,5,0
174,0.579681,14953,5,1
175,0.502867,14499.70797,4.965217,0
176,0.552938,14540.75,4.5,0
177,0.550412,14737.84,5,0
178,0.130482,13814.125,4.3125,0
179,0.587878,14564,5,0
180,0.536745,14244.75,5,0
181,0.634218,14500.59934,4.623188,0
182,0.698006,14874,3,1
183,0.515248,14297.66667,5,0
184,0.624118,15088.64789,4.915493,0
185,0.618764,14971.77778,4.333333,0
186,0.515752,14844.55263,4.894981,1
187,0.50801,15308.88235,6.380952,1
188,0.14337,13760.66667,4.888889,0
189,0.616006,14610,5,0
190,0.610716,15035,5,0
191,0.669458,14507.8475,4.508532,0
192,0.645072,14845,5,0
193,0.495869,14564.54032,4.8125,0
194,0.579521,15032.13433,4.983051,0
195,0.550884,14737.81081,4.972973,0
196,0.566751,14277,4,0
197,0.58807,14237.58955,4.313253,0
198,0.655654,14509.76316,4.662162,0
199,0.469593,14603.62745,4.470968,1
200,0.472267,14899.78431,4.546075,0
201,0.537299,14793.11765,5,0
202,0.707885,14463.61503,4.922921,0
203,0.515843,15075.11304,4.965217,0
204,0.537155,14974.5,5,0
205,0.582378,14035.08333,4.444444,0
206,0.606958,14498,5,0
207,0.556868,15032.6,4,1
208,0.634759,14196,3,0
209,0.538456,15011.48185,4.295652,0
210,0.534588,15085.73529,5,0
211,0.63856,14656,5,0
212,0.319861,14118.33333,3.875,0
213,0.473636,15611.57051,4.661202,0
214,0.472834,15214.68,5.608696,1
215,0.515455,14593.76,5,0
216,0.484558,14191.875,4.179299,0
217,0.709763,14389,5,0
218,0.553826,14553.5,4.5,0
219,0.695231,14274.5,5,0
220,0.512105,14005,4,0
221,0.568952,14285.86047,4.901408,0
222,0.500036,14770.01915,4.62845,0
223,0.631085,14880,5,1
224,0.509767,14552.5,4,0
225,0.431869,14617.72523,4.486446,0
226,0.572342,15251,9,1
227,0.688899,14595.48148,4.962963,0
228,0.668532,14543,5,0
229,0.583612,14574,5,0
230,0.497435,14534,5,0
231,0.515075,14712,3.5,0
232,0.699087,13987.01149,4.429363,0
233,0.552452,14493.33333,5,1
234,0.589768,14772.66667,4.4,0
235,0.588323,13762.42857,4.705882,0
236,0.483698,14180.36066,4.944535,0
237,0.63523,14740,3,0
238,0.580253,15022.03659,4.697561,1
239,0.442523,14678.7,4.607843,0
240,0.602914,14921,5,0
241,0.64596,14516.66071,5.309524,1
242,0.587937,14218,5,0
243,0.685834,13836.9,4.99169,0
244,0.537944,13997,3,0
245,0.667157,14469,5,0
246,0.665819,14310,4.824324,1
247,0.679133,14951,5,0
248,0.469879,15014.80749,4.559727,1
249,0.474252,14333,5,0
250,0.473636,15611.57051,4.661202,0
251,0.515379,14857.94444,4.888889,0
252,0.525014,14660,3,0
253,0.605861,14479.7,5,0
254,0.639072,14913,5,0
255,0.585609,15259.02941,5,0
256,0.696477,14658,3,0
257,0.582252,14357,5,0
258,0.624118,15088.64789,4.915493,0
259,0.539537,14745,3,0
260,0.575282,14963,5,0
261,0.61157,14986.21429,4.285714,0
262,0.543776,15174.35256,5.144068,1
263,0.537051,15332,5,0
264,0.586352,14801.58273,4.333333,0
265,0.464733,14729.06832,4.99169,0
266,0.667998,14198.16667,4.927536,0
267,0.529811,14861.06742,4.947826,0
268,0.560765,14380.61765,5,0
269,0.580538,14738,3,0
270,0.579751,14973.20975,4.963983,1
271,0.494559,14739.76364,5,1
272,0.604216,14320.5,3,0
273,0.3843,14682,4.816901,1
274,0.605759,14912.38983,4.874317,1
275,0.686328,14831.5,5,0
276,0.567085,14541,5,0
277,0.506841,14545.125,4.763458,0
278,0.658547,14832,5,1
279,0.534065,15143.07407,5,1
280,0.487356,14949.31579,5,1
281,0.522958,14443.875,4.842105,1
282,0.572166,14040.24074,4.103448,0
283,0.688334,14644.75,5,0
284,0.556998,14530.75,5,0
285,0.537218,14702,5,0
286,0.588443,14224.18841,4.556604,0
287,0.626398,14517.40956,4.767918,0
288,0.472408,14805.77778,4.077079,1
289,0.653523,14785.70588,4.146789,1
290,0.628137,14394.09091,4.142202,0
291,0.518381,15004.97059,5,1
292,0.604867,14608.8,5,0
293,0.486992,14342.39024,5,0
294,0.592968,14682,3,0
295,0.50015,14200,4,0
296,0.507274,14241.18293,4.886957,0
297,0.534665,14756,5,0
298,0.60672,14638.85714,4.619048,0
299,0.673325,14567.83333,4.444444,0
300,0.627254,14770.3617,4.914894,0
301,0.669915,14827.10345,5,0
302,0.613768,14605.67442,4.348837,0
303,0.550011,15079.02632,5,1
304,0.676671,14385.71154,4.756592,0
305,0.604581,14174.33333,5,0
306,0.615611,14801.33333,4,0
307,0.494794,15051.36364,4.796875,1
308,0.526805,14696,5,0
309,0.563287,14281.91824,4.932079,0
310,0.680796,14908.8,5.142857,1
311,0.528994,14390.5,5,0
312,0.560223,15202.42105,5,0
313,0.473573,14721,4.5,1
314,0.515435,14607.21539,4.507937,1
315,0.497477,14154.58781,4.663415,0
316,0.632962,14306.22222,4.056314,0
317,0.550884,14737.81081,4.972973,0
318,0.368507,14422,4.833333,0
319,0.520871,14766.16667,5,0
320,0.622246,14888.2093,4.395349,0
321,0.499069,15007,5,0
322,0.120046,13298.5,3.5,0
323,0.608305,14512.5,4,0
324,0.482134,15201.66138,4.926978,1
325,0.524378,14653,3,0
326,0.441518,14699.72694,4.737288,0
327,0.694617,14533.66667,5,0
328,0.525014,14660,3,0
329,0.548235,14757.8,5,0
330,0.551964,15471.55556,4.925926,0
331,0.560194,14659,4,0
332,0.536222,14807,3,0
333,0.10731,13792.2,5,0
334,0.441966,15467.62836,4.902481,1
335,0.478873,15154.5,4.982456,1
336,0.528675,13954,5,0
337,0.563776,14171.33333,4.777778,0
338,0.566519,14123,4.966102,0
339,0.525051,15011.69697,4.302326,1
340,0.401609,13863.31818,4.583333,0
341,0.468812,14643.93617,4.235495,1
342,0.640686,14858,3,1
343,0.478435,14227,5,0
344,0.515052,14213.74837,4.934747,0
345,0.63115,15228,5,0
346,0.559342,14690.13333,4.625,1
347,0.441966,15467.62836,4.902481,1
348,0.49346,14705.77143,4.915493,0
349,0.608144,14449.3,4.904762,0
350,0.559439,14873,5,0
351,0.605019,15114,5,0
352,0.442329,14277.48148,5,0
353,0.473319,14680.9,4.808511,0
354,0.579506,14616,5,0
355,0.652994,15077.5,5,0
356,0.657085,14487,5,0
357,0.478435,14227,5,0
358,0.502898,14715,5,1
359,0.662968,14757,3,0
360,0.43433,14755.80702,4.859155,0
361,0.60611,14689,5,0
362,0.654292,15108,5,0
363,0.536492,14626,3,0
364,0.676258,14725.5,4.888889,0
365,0.621461,14393,5,0
366,0.423742,14551.81288,4.420181,1
367,0.426519,14228.28571,5,0
368,0.510788,15009.96667,5,0
369,0.696085,14374,5,0
370,0.536977,14786.84211,4.982609,0
371,0.533068,14818.4,3.8,0
372,0.558044,14969.66667,4.886792,1
373,0.583612,14574,5,0
374,0.406965,13873,4.617073,0
375,0.605563,14296.25676,4.891892,0
376,0.576353,14798.56863,4.607843,0
377,0.449513,15000.4,5,0
378,0.581125,14628.33333,4.952381,0
379,0.452882,14432.54902,4.504878,1
380,0.617781,14934,5,1
381,0.663091,14984,4.777778,0
382,0.567387,15247.07547,4.811321,1
383,0.464813,15457.65217,4.965217,0
384,0.539518,14563.44444,4.952381,0
385,0.582539,14317.8,4.84507,0
386,0.541174,13813.5,3,0
387,0.596937,14722,3.666667,0
388,0.389513,14916.81773,4.794457,1
389,0.48512,14459.69875,4.562806,0
390,0.681533,14933,5,0
391,0.648838,14572.08772,4.913043,0
392,0.614932,14462,5,0
393,0.519862,15126.5,5,0
394,0.598429,14689,4.538462,0
395,0.607632,14791.30659,4.935843,1
396,0.538794,14166,5,0
397,0.702344,14662.93201,4.43871,0
398,0.699433,14652.72254,4.535484,0
399,0.682466,14652,5,0
400,0.660444,14550.375,4.615385,0
401,0.46791,14607.34615,4.98892,1
402,0.428941,14417.53333,4.431193,0
403,0.424902,14812,4.93617,1
404,0.708939,14153,5,0
405,0.642696,14597.66667,5,0
406,0.631953,14908.37456,4.44095,0
407,0.536685,14660.11111,4.830189,0
408,0.570324,14513.5,5,0
409,0.491819,13948.58407,4.796814,0
410,0.527699,14948,5,1
411,0.523611,15020.67372,4.565217,1
412,0.453973,14853,5,0
413,0.577438,15144,4,0
414,0.512178,14624.44737,5,0
415,0.174045,13779.16901,4.676056,0
416,0.449647,14970.38597,4.692982,1
417,0.574245,15030.5,5,0
418,0.632868,14532.19355,4.914894,0
419,0.572342,15251,9,1
420,0.524845,14711.60313,4.895907,1
421,0.483524,14703.44792,4.98783,1
422,0.450263,15438.45098,4.607843,1
423,0.534588,15085.73529,5,0
424,0.636939,14306.70233,4.745614,0
425,0.479156,14784.05882,5,1
426,0.600617,14891.5,5,1
427,0.467766,14807.93333,4.894098,1
428,0.635206,14414,4.690512,1
429,0.467505,14749.93333,4.944598,1
430,0.572482,14366,5,0
431,0.556909,14524.33333,5,0
432,0.682284,14780,5,1
433,0.456558,13864.56667,5,0
434,0.711535,13965,3.703226,0
435,0.671326,14726.67606,4.971831,0
436,0.580911,15018.56863,4.686275,0
437,0.439677,14765.44828,5,1
438,0.615611,14801.33333,4,0
439,0.522769,13994,5,0
440,0.57268,15120.6875,3.875,0
441,0.627471,14745.63793,3.724138,0
442,0.564002,14445.19048,5,0
443,0.438145,14369.50909,4.970339,0
444,0.624863,14628.84946,4.716867,0
445,0.580912,14770.4,4.4,1
446,0.48652,14438.94444,4.833333,0
447,0.65587,14562,3.5,0
448,0.623837,14455.61905,4.36612,1
449,0.513786,14652.23387,4.857143,0
450,0.667583,14115,5,0
451,0.644475,15039.25,5,0
452,0.532313,14489,3,0
453,0.480916,14909,3.637931,1
454,0.673747,14453.78261,4.971014,0
455,0.70851,14391.07042,4.716129,0
456,0.545559,14113.41989,4.62439,0
457,0.65028,14800.125,4.888889,0
458,0.569658,14462,3,1
459,0.556669,14858.17383,4.875347,0
460,0.396272,14332,4.382927,0
461,0.467998,14839.49344,4.862969,0
462,0.55408,14761.66667,4.962963,0
463,0.55267,14439.3,5,1
464,0.605278,14567.66667,3,0
465,0.598544,14884.5,5,0
466,0.734616,14596,5,0
467,0.6601,14500.5,4,0
468,0.603396,14807.19048,4.809524,0
469,0.532569,15049.47059,5,1
470,0.547673,14237.6,5,0
471,0.657085,14487,5,0
472,0.485756,14126,4.59434,0
473,0.565173,14262.6,5,0
474,0.423182,14586.16471,4.476657,0
475,0.456703,14881.116,4.6,0
476,0.640377,14457.5,4.698113,0
477,0.48459,14717.90323,5,1
478,0.697041,14259,4.888889,0
479,0.695167,14588.75,5,0
480,0.546486,14343,5,0
481,0.619246,14814,5,0
482,0.465956,14303.4,5,0
483,0.5931,14916.06957,4.318841,1
484,0.513785,14525.22727,3.637931,0
485,0.618064,14122.25,4.914894,0
486,0.634633,14923.60714,4.97619,0
487,0.530114,15221.09788,5.178899,0
488,0.630733,14373.97194,4.669462,0
489,0.563287,14673.4902,4.882353,0
490,0.573999,14468,3,1
491,0.688334,14644.75,5,0
492,0.543778,14765.25,5,1
493,0.625488,14941.21429,4.428571,0
494,0.421794,14460.85714,5,0
495,0.576319,14402.81818,5,0
496,0.571093,14798.5,4.75,0
497,0.567085,14541,5,0
498,0.572482,14366,5,0
499,0.492132,14892.8,5,0
500,0.517935,14823.61765,5.882353,1
501,0.478502,14614.36,5,0
502,0.641675,15005,5,0
503,0.687941,14413,4,0
504,0.446279,15151.96375,4.859233,1
505,0.121439,13969.18182,5,0
506,0.56985,13914,4.395349,0
507,0.552721,14405,3,0
508,0.57627,14959.05391,4.421384,1
509,0.586448,13891.6506,4.97619,0
510,0.58786,14688.4,4.8,0
511,0.63613,14709.62698,4.382609,1
512,0.687639,14672,5,0
513,0.586448,13891.6506,4.97619,0
514,0.441084,14288.26667,4.75,0
515,0.456017,14027.5,4,0
516,0.609722,14381.61834,4.479358,0
517,0.466677,14517.07692,4.235495,1
518,0.4275,14882,5,0
519,0.538733,14259,5,0
520,0.498599,14544.43333,4.33913,1
521,0.662241,14018.80645,4.804688,0
522,0.544498,14395.5,5,0
523,0.626756,14812,3,0
524,0.434481,14581.59307,4.355505,0
525,0.427322,13799.91453,4.982906,0
526,0.410039,14721.16667,4.647887,1
527,0.513233,14709,5,0
528,0.570244,14596.75,4.732394,0
529,0.575863,13994.81522,4.830189,0
530,0.626348,14063.12,5,0
531,0.631131,14356.33333,5,0
532,0.548776,14734.84314,4.947826,0
533,0.485788,14705.44681,5,1
534,0.454228,14929.57143,4.904762,1
535,0.579681,14953,5,1
536,0.630227,14815.55556,4.555556,0
537,0.715045,14961,5,0
538,0.536006,14715,5,1
539,0.516076,13967,5,0
540,0.66514,14392.39844,4.796875,0
541,0.431869,14617.72523,4.486446,0
542,0.540635,14717.625,4.142857,1
543,0.511655,14475.68,5,0
544,0.508593,14919.15415,5.229917,1
545,0.525051,15011.69697,4.302326,1
546,0.657081,15186,5,0
547,0.54554,14486,5,0
548,0.592685,14843.04762,4.679245,0
549,0.616579,14952,5,1
550,0.58915,14143.5,4.888889,0
551,0.536325,14487.94872,4.73913,0
552,0.602404,14584,5,1
553,0.613795,14608.07317,4.513514,1
554,0.563992,14480,5,0
555,0.561,13742.15,4.619718,0
556,0.369285,14884,5,0
557,0.651397,14601,5,1
558,0.643733,14652.80851,5,0
559,0.487963,14325,3.986949,0
560,0.506076,14588.53846,4.125,0
561,0.631994,14337,5,0
562,0.532199,15405.98002,5.271001,1
563,0.651685,14734.10855,4.477064,1
564,0.601603,14788.5,3,0
565,0.573024,15059.75,5,1
566,0.441666,15016.63333,5,0
567,0.554327,14594.6,4.704225,0
568,0.4751,14361,5,0
569,0.617811,14806.86885,4.912568,1
570,0.365765,14669.61798,4.497113,1
571,0.600742,14700,3,1
572,0.474517,14646.5,5,0
573,0.584274,14536.20238,4.54717,0
574,0.506443,14078.91667,4.732463,0
575,0.631937,14818.73797,4.542922,1
576,0.585315,15105.55556,4.555556,1
577,0.436657,14754.17021,4.857923,0
578,0.640391,14916.54546,4.97619,0
579,0.538957,14527.58919,4.920323,1
580,0.529811,14861.06742,4.947826,0
581,0.439825,14363.28571,4.898305,0
582,0.534045,15360.42857,6.695652,1
583,0.731072,14434,4,0
584,0.513625,14240.73333,4.880952,1
585,0.675918,14683.23377,4.736842,0
586,0.606789,14329.68421,4.153623,0
587,0.519147,14711.71429,5,0
588,0.50297,14742.00935,4.912698,0
589,0.703983,14867.93281,4.926978,0
590,0.512949,14030.96104,4.295269,0
591,0.642466,14158,5,1
592,0.574426,14476.5,5,1
593,0.546154,14559.33044,4.965217,0
594,0.608492,14729.5,3,0
595,0.522825,14782,3,0
596,0.622407,14710,5,0
597,0.602715,14795,5,0
598,0.663364,15017.11111,4.444444,0
599,0.617781,14934,5,1
600,0.467017,14498.4,5,1
601,0.600926,14707.50704,4.774648,0
602,0.514803,14151.24862,4.471132,0
603,0.553002,15283.3224,4.672131,0
604,0.560956,15239.67105,4.842105,1
605,0.628873,14577,3.5,1
606,0.531416,14593.14286,4.36,0
607,0.628137,14394.09091,4.142202,0
608,0.585995,14608.49778,4.463768,0
609,0.514508,14708,4,0
610,0.63473,14738.5,3,0
611,0.561629,14670.5,5,1
612,0.529636,14049.55882,4.595339,0
613,0.476538,15228.39474,5,0
614,0.581743,14696,3,0
615,0.569896,14236.47059,4.823529,0
616,0.52418,14666,5,0
617,0.691341,14957,5,0
618,0.481053,14913.37541,4.736803,0
619,0.506683,15467.875,6.141791,1
620,0.570774,14616.57143,4.958955,0
621,0.470155,15030,5,0
622,0.611015,14095.47248,4.929825,0
623,0.612995,14743.31965,4.980154,1
624,0.613922,14660.70213,5,0
625,0.616928,14577,5,0
626,0.614471,13611,4.921053,0
627,0.464954,14635.33962,4.811321,0
628,0.610429,14597.37037,4.787234,0
629,0.623737,14602.74074,5,0
630,0.476217,15157.21012,4.895536,1
631,0.471895,14105.2,4.028398,0
632,0.472134,14493.52,5,0
633,0.512805,15091.68476,4.931485,0
634,0.585039,14746,5,0
635,0.541603,14482.28571,4.463768,0
636,0.632882,14580.53488,4.735849,0
637,0.572598,14916.5,5,0
638,0.424832,14983.8871,4.498494,1
639,0.466677,14517.07692,4.235495,1
640,0.526296,14918.9375,5,0
641,0.671326,14726.67606,4.971831,0
642,0.625647,15333,5,0
643,0.574426,14476.5,5,1
644,0.610376,14665,4.232558,0
645,0.688382,14835,3.5,1
646,0.631031,14994,5,0
647,0.681533,14933,5,0
648,0.461984,15071.01471,4.78922,1
649,0.63684,14884.68945,4.746235,1
650,0.624277,14047.5,5,0
651,0.594195,14455,5,0
652,0.623532,14266,3,0
653,0.427011,14591.97037,4.681476,1
654,0.640565,14594.08696,5,0
655,0.540158,14426.27273,4.017241,1
656,0.619163,14816,4,0
657,0.655475,14684.05556,5,0
658,0.456017,14027.5,4,0
659,0.695635,14419.11268,4.746479,0
660,0.556622,14940,3.666667,1
661,0.484724,14849.42105,5,0
662,0.673325,14567.83333,4.444444,0
663,0.508305,14775.58333,4.583333,0
664,0.577932,14175.58333,4.97619,0
665,0.656426,14395.5,3,0
666,0.611786,14044.33333,5,0
667,0.472834,15214.68,5.608696,1
668,0.513625,14240.73333,4.880952,1
669,0.659369,13980.38843,4.960938,0
670,0.50354,14580.3125,4.804688,1
671,0.617843,14723.4,4.6,0
672,0.547465,14678.21212,5,0
673,0.608402,14199,3.666667,0
674,0.674904,14596,5,0
675,0.448412,14489.58379,4.981524,0
676,0.53404,14537.59381,4.913873,1
677,0.385054,14448.91667,4.956522,1
678,0.536148,14558,5,0
679,0.624118,15088.64789,4.915493,0
680,0.523643,14952.71429,4.817073,1
681,0.538799,14014.16038,4.957852,0
682,0.329875,14964.27273,5,0
683,0.585081,14543.4,4.2,0
684,0.472904,14887.11539,4.926978,0
685,0.524633,14766,5,0
686,0.697144,14791,5,0
687,0.564743,14758,5,0
688,0.468836,14594.48781,4.921875,0
689,0.544291,15154,5,0
690,0.518813,14783.81132,4.886792,0
691,0.560461,15091.33333,3,0
692,0.588574,13913,4.568627,0
693,0.600663,15006,5,0
694,0.567611,14761.4,5,0
695,0.610429,14597.37037,4.787234,0
696,0.559342,14690.13333,4.625,1
697,0.56985,13914,4.395349,0
698,0.638351,14647,3,0
699,0.461352,14641,4.941272,0
700,0.615137,14625,5,0
701,0.592345,13823.86111,4.878378,0
702,0.527271,15022,3,0
703,0.568734,14743,5,0
704,0.590484,14159.33333,5,0
705,0.620817,14430.5,3,0
706,0.634834,14690.5971,4.298551,0
707,0.636726,14418.64407,4.928571,0
708,0.546738,14431.44444,5,1
709,0.479998,15225.98246,5,0
710,0.723267,14824,5,0
711,0.642346,13764.55769,4.94929,0
712,0.625392,14394,3.5,0
713,0.588011,14811.84211,3.655172,1
714,0.574426,14476.5,5,1
715,0.56484,14423,3,0
716,0.701565,14146.08333,3.948387,0
717,0.58639,14123,3,0
718,0.515248,14297.66667,5,0
719,0.655916,14739,4,0
720,0.435367,14722.40051,4.898305,0
721,0.510489,14252.125,4.086207,0
722,0.476959,14054.33333,4.625,0
723,0.657366,14645.75,4.964286,0
724,0.429191,15001.74691,4.643072,1
725,0.470658,14887.44444,4.95614,1
726,0.504111,14087.55556,4.172414,0
727,0.630556,13929.75807,4.891892,0
728,0.619727,14357,4.428571,0
729,0.65963,14918,5,0
730,0.594617,14943,4,0
731,0.535231,15086.61111,4.888889,0
732,0.503515,14834.05263,3.724138,1
733,0.697767,14833,5,0
734,0.515754,14163.60314,4.763458,0
735,0.499876,15160.45833,4.666667,1
736,0.573963,14801.7,3.8,1
737,0.457004,14646,4.93913,1
738,0.585481,14526.9,4.2,0
739,0.574706,14570.65335,4.792554,0
740,0.526338,14964.42494,4.959584,1
741,0.533474,14778.5,5,0
742,0.495343,14745,5,1
743,0.592957,14621.8,4.375,0
744,0.446279,15151.96375,4.859233,1
745,0.629497,15187.88889,4.888889,0
746,0.547747,14922,5,0
747,0.487941,14517.46667,5,0
748,0.497609,14713.71429,5,1
749,0.645652,14894,5,0
750,0.624658,14454,5,0
751,0.477516,15391.49565,4.304348,1
752,0.502366,14412.5,4.644809,0
753,0.588011,14811.84211,3.655172,1
754,0.62542,14418.5512,4.556314,0
755,0.461416,14095.67857,5,0
756,0.490148,15441.55357,4.086207,1
757,0.587625,14881.3,3.8,0
758,0.447169,14401.53333,4.901408,0
759,0.540663,13749,4.273171,0
760,0.611025,14949,5,0
761,0.588391,14539,3,0
762,0.634132,14421.94595,4.716981,0
763,0.532569,15049.47059,5,1
764,0.630983,14725.5,5,0
765,0.723267,14824,5,0
766,0.576046,14755.5,5,0
767,0.661699,14364,5,0
768,0.438553,14720.30769,5,1
769,0.622966,14855.5,3,1
770,0.583466,14402.22857,4.764706,0
771,0.63519,14999,5,0
772,0.50354,14580.3125,4.804688,1
773,0.590409,15065.66667,3,0
774,0.538456,15011.48185,4.295652,0
775,0.606802,14357.25,4.119266,0
776,0.528226,15375.04762,4.714286,1
777,0.644838,14237.72727,4.22973,1
778,0.525336,14971.16667,4.888889,0
779,0.654314,14360,5,0
780,0.63352,14869,5,0
781,0.697282,14532.11268,4.943662,0
782,0.656282,14294.24138,4.837838,1
783,0.623075,14741,5,0
784,0.507127,14891.34483,3.758621,0
785,0.622723,14553.33333,3,0
786,0.657366,14645.75,4.964286,0
787,0.62817,15225,5,1
788,0.533279,13714,3.7,0
789,0.578616,14681,5,0
790,0.475513,14598.67178,4.558084,1
791,0.661154,14460.73684,4.945313,0
792,0.528958,14219,3,0
793,0.619918,14436.63208,4.735849,0
794,0.552122,14442.43909,4.223004,0
795,0.636432,14411.07692,4.478163,1
796,0.496884,15114,5,0
797,0.559443,14559,3,0
798,0.624507,14828.34043,5,0
799,0.475246,14044,4.5,0
800,0.583939,14882.88889,4.971014,0
801,0.479684,14490.19608,4.777778,0
802,0.570595,14718.14286,4.666667,0
803,0.506443,14078.91667,4.732463,0
804,0.623075,14741,5,0
805,0.607293,15070.93023,4.348837,1
806,0.490843,14675.78947,5,0
807,0.636089,14316,5,0
808,0.578944,14837.40171,5.382813,1
809,0.504656,14234,4.478261,0
810,0.508428,15213.14141,4.814029,0
811,0.559031,14215,5,0
812,0.598507,14834.025,4.348837,0
813,0.66698,15012.37912,4.815789,0
814,0.557821,14724.97753,4.722222,0
815,0.485886,14291.66667,4.98892,1
816,0.599489,14711.5,3,0
817,0.464954,14635.33962,4.811321,0
818,0.650259,14521.5,7,1
819,0.3435,14865.33333,5,0
820,0.700139,14530.36364,5,0
821,0.690175,14847.5665,4.98338,0
822,0.657174,14648.42857,4.692308,0
823,0.665832,14902,5,0
824,0.551964,14657.52964,5.044311,1
825,0.486634,14536.875,4.333333,0
826,0.522567,14776.5,4.428571,1
827,0.329875,14964.27273,5,0
828,0.610429,14597.37037,4.787234,0
829,0.41455,14174.875,4.5,0
830,0.541603,14482.28571,4.463768,0
831,0.519254,14615.92,5,0
832,0.587078,14726.38679,4.735849,0
833,0.523873,14667.33333,5,1
834,0.634151,14861,5,0
835,0.497872,14993.5,5,0
836,0.635704,15254.25,5,0
837,0.464543,14644.24888,4.735495,0
838,0.512674,14711.6,5,0
839,0.607559,14998.06897,3.827586,0
840,0.446716,14437,5,0
841,0.577146,14553.5,4,0
842,0.623853,14280.42857,4.913043,0
843,0.607123,14076,4.222222,0
844,0.567085,14541,5,0
845,0.480901,14937.70588,5,1
846,0.561629,14670.5,5,1
847,0.4765,15171.25,4,0
848,0.639806,14679.4,5,0
849,0.737729,14895,5,0
850,0.477828,14571.5,5,0
851,0.597231,14645.25455,4.864865,0
852,0.576391,14845.25352,4.887324,0
853,0.618951,14727.96296,5,0
854,0.569022,14886.63441,4.969574,1
855,0.377467,14916.33333,5,0
856,0.500058,14487,4.846154,0
857,0.455269,14331.61905,4.898551,1
858,0.582365,15078.34966,4.843373,1
859,0.555768,15100.2267,5.427966,1
860,0.558716,14798.6,4.846154,1
861,0.636775,14821.75,5,1
862,0.538249,14531.56,5,0
863,0.532194,14633,3,0
864,0.562096,15199.88696,4.385507,1
865,0.634244,14014.125,4.985801,0
866,0.684474,14443.79177,4.963489,0
867,0.472933,14929.75,4,1
868,0.619074,14399,3,0
869,0.561922,14834.6746,4.68254,0
870,0.420592,14607.65663,4.67561,0
871,0.506048,14642.5,5,0
872,0.549611,15222.81482,4.925926,0
873,0.576046,14755.5,5,0
874,0.592203,14332.51911,4.16055,0
875,0.677933,14938,5,0
876,0.592094,14934,5,1
877,0.557955,14680.56164,4.945946,0
878,0.523354,14681,4,0
879,0.465339,14230.4,5,0
880,0.624163,14917,5,0
881,0.582846,14551.04546,4.837838,0
882,0.478485,14373.94681,4.906467,1
883,0.618971,15022,5,0
884,0.603479,13938.09091,4.928571,0
885,0.536318,15015.58407,4.944444,0
886,0.542693,14321.15625,4.843137,0
887,0.586474,14590,5,0
888,0.570582,14590.23176,4.974576,0
889,0.607169,14669,5,0
890,0.421213,15420.66384,4.749247,1
891,0.644724,14444,5,0
892,0.202542,13862.5,5,0
893,0.6148,14043.35714,3.551724,0
894,0.615463,14582.2093,4.72093,0
895,0.599816,14974.57143,5.023256,1
896,0.736499,14804,5,0
897,0.639409,14601,5,0
898,0.43879,15208.23077,4.4,1
899,0.550642,14548,3.714286,0
900,0.610697,15071.66981,4.90566,0
901,0.643506,14545.5,5,0
902,0.652463,15005,5,0
903,0.575046,14442.78,4.862745,0
904,0.504575,14276.83607,4.920635,1
905,0.608144,14449.3,4.904762,0
906,0.499582,14554,4.852459,0
907,0.531782,14622.5,5,0
908,0.635198,14647,5,0
909,0.510022,13681,5,0
910,0.781723,14644,5,1
911,0.60981,14607.89254,4.304348,0
912,0.644606,14545,5,0
913,0.624578,14618,5,0
914,0.444479,14365.4,4.904762,0
915,0.58501,14408.60606,4.674419,0
916,0.554132,14674.5,5,0
917,0.461745,15119.82875,4.419355,0
918,0.625681,14913.33333,3,0
919,0.483041,14952.87713,4.559727,0
920,0.538968,14970,5,0
921,0.553835,14428.21053,5,0
922,0.696446,14426,5,0
923,0.507266,14997.11111,4.444444,1
924,0.52571,14454.83807,4.789261,0
925,0.115211,13774.5,4.888889,0
926,0.601972,14747.35714,4.809524,0
927,0.528161,14543.42857,5,0
928,0.538288,14199.5,4.6,0
929,0.640735,15013.07692,4.846154,0
930,0.433759,14490.77193,4.174312,0
931,0.737729,14895,5,0
932,0.455377,15152.87545,4.602439,0
933,0.716763,14318,4,0
934,0.518494,14522.16,5,0
935,0.546094,14802.75,5,0
936,0.549627,14390.5,4,0
937,0.616834,14865,5,0
938,0.69017,14395,4.117188,0
939,0.641024,14595.08219,4.72973,1
940,0.481273,14094.33333,4.388889,0
941,0.570972,14806.5,4,0
942,0.48392,14784.23333,5,1
943,0.494709,14878,5,0
944,0.687477,14561,3,0
945,0.493649,14172.53192,4.526917,0
946,0.470382,14840.44422,4.939148,0
947,0.509226,14811,5,1
948,0.527899,15355.82353,5,0
949,0.669665,13814.125,4.922921,0
950,0.638304,14349.5,4,0
951,0.648551,14481.68421,4.517065,0
952,0.482265,15145.34906,4.792453,1
953,0.46089,14800,4.541935,1
954,0.450221,13218,4.765012,0
955,0.493815,14928.9265,4.767918,0
956,0.61491,14821.66667,3,0
957,0.623532,14266,3,0
958,0.470658,14887.44444,4.95614,1
959,0.584666,14391,5,1
960,0.661367,14402,5,0
961,0.548635,14923.29565,5,1
962,0.623084,14408.91019,4.46789,0
963,0.725891,14188.5,3.5,0
964,0.665907,14616,5,0
965,0.486723,14859.70175,5,1
966,0.520774,13955,5,0
967,0.484558,14191.875,4.179299,0
968,0.515295,14369,5,0
969,0.612828,14693.94444,4.555556,0
970,0.586352,14801.58273,4.333333,0
971,0.611207,14372.17708,4.984431,1
972,0.470343,14916.10811,4.961219,1
973,0.641013,14663,5,0
974,0.416727,15233.14024,4.502439,0
975,0.486541,14529,4.898858,0
976,0.497164,13783.78261,4.018522,0
977,0.665285,15000,5,1
978,0.597083,14427.5,3,0
979,0.491077,14831,5,0
980,0.655361,14651,5,0
981,0.490122,15112.18421,5,1
982,0.589313,14193.33333,3,0
983,0.666944,14210.5,5,0
984,0.624578,14618,5,0
985,0.608168,14801.07895,5,0
986,0.472907,15389.72265,4.916339,1
987,0.477828,14571.5,5,0
988,0.69312,14369,5,0
989,0.528731,14768.38889,4.814208,0
990,0.641129,14329.5,3,0
991,0.6432,14457,5,0
992,0.606868,14337.5,5,0
993,0.503975,14660.12,5,0
994,0.571627,14413.51141,4.915169,0
995,0.46824,14488.86667,4.947262,0
996,0.444479,14365.4,4.904762,0
997,0.501604,14817.6875,4.375,0
998,0.657366,14645.75,4.964286,0
999,0.525904,14568.34211,5,0
1000,0.506221,14497.7549,4.869494,0
1001,0.461761,14928.8,5,0
1002,0.696458,14627.3,5,0
1003,0.030735,13799.77778,4.888889,0
1004,0.34462,14411.76923,4.625,0
1005,0.447359,14993.6,4.809524,1
1006,0.649476,15015.5,5,0
1007,0.417525,14750.1,5,0
1008,0.548635,14923.29565,5,1
1009,0.664733,15087.83333,5.5,1
1010,0.55408,14761.66667,4.962963,0
1011,0.640378,14459.98827,4.321739,0
1012,0.504005,14857,5,0
1013,0.594981,14314.30769,4.912281,0
1014,0.620955,14747.95775,4.414396,0
1015,0.603207,14985,5,0
1016,0.482647,14651.73684,7.341935,1
1017,0.549393,14974,5,1
1018,0.458425,14740.82819,4.945545,1
1019,0.534582,13723.66667,4.070013,0
1020,0.616065,14184.625,4.913043,0
1021,0.520689,14569.5,5,1
1022,0.656426,14395.5,3,0
1023,0.437598,15048,4.5,0
1024,0.655674,14406.44186,4.837838,1
1025,0.582378,14035.08333,4.444444,0
1026,0.493649,14172.53192,4.526917,0
1027,0.616107,14387.5,5,0
1028,0.540004,14742.91304,4.348837,1
1029,0.616222,14271.5,3,0
1030,0.699442,14673,5,0
1031,0.542693,14321.15625,4.843137,0
1032,0.572166,14040.24074,4.103448,0
1033,0.14337,13760.66667,4.888889,0
1034,0.571933,13907.25,4.905389,0
1035,0.620742,14531.25,5,0
1036,0.611207,14372.17708,4.984431,1
1037,0.500087,15088.57937,4.637681,1
1038,0.481053,14913.37541,4.736803,0
1039,0.506066,15166,5,0
1040,0.570595,14718.14286,4.666667,0
1041,0.594016,14583.5,5,0
1042,0.465048,14488.95122,4.99169,0
1043,0.628138,14900,5,0
1044,0.588105,14807.16667,5,0
1045,0.644606,14545,5,0
1046,0.690886,14389.33071,4.612903,0
1047,0.512512,14347.73333,4.956522,0
1048,0.590097,14968.48246,4.77193,0
1049,0.425979,14624.91429,4.982609,0
1050,0.435307,14361.33333,4.174194,1
1051,0.470202,14782,5,0
1052,0.449085,14678.42857,4.809524,0
1053,0.627486,14707.5,3,1
1054,0.546738,14431.44444,5,1
1055,0.60176,15549.24,5.774648,1
1056,0.511612,14947.79793,4.87602,0
1057,0.421562,15119.95138,4.706325,1
1058,0.67262,14486.84615,4.546875,0
1059,0.326281,15144.81818,5,0
1060,0.537474,14433,4.475362,1
1061,0.587901,14292.46667,4.940476,1
1062,0.505589,14328.72727,5,0
1063,0.692408,14786.27381,4.928571,1
1064,0.447475,14659.5,5,0
1065,0.253472,13690.52985,4.955224,0
1066,0.662241,14018.80645,4.804688,0
1067,0.580435,14196.60215,4.745283,0
1068,0.603152,14153.71429,4.406627,0
1069,0.432677,13877,3.901376,0
1070,0.506406,14661.91453,4.965812,0
1071,0.67366,14755,5,1
1072,0.506385,14087,4.809524,1
1073,0.587669,14749.06568,4.889831,0
1074,0.620987,14416.5,5,0
1075,0.41878,14555.27185,4.894342,1
1076,0.64782,15089,5,0
1077,0.467505,14749.93333,4.944598,1
1078,0.723668,14295,5,0
1079,0.58768,14845.91489,5.896175,1
1080,0.533634,14887.5,5,0
1081,0.477069,14475.5,5,0
1082,0.606868,14337.5,5,0
1083,0.468312,14870.33333,5,0
1084,0.477852,15155.96667,5,0
1085,0.564334,13927.33333,4.846154,0
1086,0.501868,14468,4.820755,1
1087,0.60712,14926,5,0
1088,0.372764,14012,4.583333,0
1089,0.69102,14221.5,3,0
1090,0.674814,14831.5,5,0
1091,0.49878,14935.74803,4.90625,1
1092,0.397542,14830.15385,4.901408,1
1093,0.555382,14697.33333,5,0
1094,0.62989,14486,5,0
1095,0.597672,14470.87379,4.943396,0
1096,0.536712,14726.5,5,0
1097,0.69813,13965.38636,4.525355,0
1098,0.689735,14324.05556,5,0
1099,0.501276,14483.45455,4.90625,0
1100,0.63663,14276.5,4.528302,0
1101,0.511337,14288,5,0
1102,0.557882,14028.32306,4.967494,0
1103,0.622957,14428.56529,4.71762,0
1104,0.604311,15014,5,1
1105,0.688899,14595.48148,4.962963,0
1106,0.56855,14367,4.896186,0
1107,0.554483,14349,4.071429,1
1108,0.077475,13557.4,4,0
1109,0.596391,14812.5,5,0
1110,0.630937,14534.51443,4.663173,0
1111,0.596198,14438.66667,3.8,0
1112,0.580911,15018.56863,4.686275,0
1113,0.552709,14306.76543,5,0
1114,0.528994,14390.5,5,0
1115,0.376133,14755.72727,4.94746,1
1116,0.478012,14893.9703,4.34633,0
1117,0.605019,15114,5,0
1118,0.581618,14664.29412,5,0
1119,0.632157,14869.82778,4.410203,1
1120,0.564981,15104,3.875,0
1121,0.46207,14576.68806,4.951287,0
1122,0.472741,14692.91282,4.948037,1
1123,0.511655,14475.68,5,0
1124,0.550389,15044.78571,4.142857,1
1125,0.578036,15143.33333,5,1
1126,0.692096,14930,5,0
1127,0.615228,14650.70536,4.661202,1
1128,0.51984,14724.45238,4.97619,0
1129,0.467017,14498.4,5,1
1130,0.396272,14332,4.382927,0
1131,0.625392,14394,3.5,0
1132,0.568334,15030.9,3.8,0
1133,0.633838,13700.26415,5,0
1134,0.566661,14105,4,0
1135,0.417121,14711.33333,4.170213,1
1136,0.505069,15001.67951,5.006085,1
1137,0.509491,14912.7907,5.178049,1
1138,0.498477,14425.33333,5,0
1139,0.543729,14958.85185,5,1
1140,0.630377,15215,5,0
1141,0.467278,14246.76471,4.415987,0
1142,0.578332,14748,5,0
1143,0.550893,15313,5,1
1144,0.605019,15114,5,0
1145,0.648347,14992.58432,4.151376,0
1146,0.725633,14300.61111,4.580645,0
1147,0.474243,14971.80165,4.789063,0
1148,0.494559,14739.76364,5,1
1149,0.552452,14493.33333,5,1
1150,0.586548,13800.5,3,0
1151,0.547465,14678.21212,5,0
1152,0.500087,15088.57937,4.637681,1
1153,0.48824,14457.8,4.6,0
1154,0.387273,15143.625,5,0
1155,0.485041,14458.38462,5,1
1156,0.6191,14285,5,0
1157,0.470202,14782,5,0
1158,0.598544,14884.5,5,0
1159,0.107733,13529,4,0
1160,0.631633,14280.5,4.660377,0
1161,0.730044,13723.04444,4.658065,0
1162,0.515752,14844.55263,4.894981,1
1163,0.497914,14665.04883,4.730832,0
1164,0.628228,14607,5,0
1165,0.462504,14656.7,5,0
1166,0.4779,14961.6129,4.802817,0
1167,0.622335,14758,5,0
1168,0.589333,14099.1,4.820755,0
1169,0.499933,14636,4.849057,1
1170,0.668928,14298,3,0
1171,0.517031,14526.46429,4.97619,0
1172,0.562096,15199.88696,4.385507,1
1173,0.565173,14262.6,5,0
1174,0.384223,15552.38508,4.472892,1
1175,0.562145,14954.37607,4.982906,0
1176,0.499511,15001.66667,5,0
1177,0.479741,14961.58716,4.789063,1
1178,0.479884,14958,5,0
1179,0.619163,14816,4,0
1180,0.547258,15142.40741,5,1
1181,0.437913,13348,4.678261,0
1182,0.623447,14749.29,4.773585,0
1183,0.521347,15031.8093,4.945727,0
1184,0.60577,14505,4.761905,0
1185,0.580336,14943.04046,4.92161,0
1186,0.547262,15176,4,0
1187,0.6587,14448.49351,4.112385,1
1188,0.512805,15091.68476,4.931485,0
1189,0.510724,14829,6.888889,1
1190,0.519254,14615.92,5,0
1191,0.644146,13736.18182,4.955375,0
1192,0.524486,14692.52632,4.365079,0
1193,0.62055,14750.11111,3.857143,0
1194,0.5132,13810.68237,4.310057,0
1195,0.611903,15032,5,0
1196,0.501196,14518.08,5,0
1197,0.572825,14291,5,0
1198,0.5725,14761,5,0
1199,0.403198,13801.08547,4.940171,0
1200,0.630035,14497.51191,4.97619,0
1201,0.516284,14349,4.606557,0
1202,0.519018,14631.90944,4.963327,0
1203,0.728544,14678.70882,4.432258,0
1204,0.633343,14154.88889,5,0
1205,0.596043,14738.5,5,0
1206,0.592078,14755,5,0
1207,0.594195,14455,5,0
1208,0.625877,14135.90909,5,0
1209,0.69807,14116.5,5,0
1210,0.626311,14865.61539,4,0
1211,0.533645,15090.85714,5,0
1212,0.431734,14142.7,4.433486,0
1213,0.485072,14430.375,4.627907,0
1214,0.53076,14505,4.933333,0
1215,0.604867,14608.8,5,0
1216,0.621186,14121.52632,4.913043,0
1217,0.540853,14771,5,1
1218,0.654341,14737.5,5,0
1219,0.441318,15142.93505,4.943713,1
1220,0.647185,14745.5,5,0
1221,0.342016,14495.14634,4.972286,1
1222,0.443484,14920.81126,4.690323,1
1223,0.552686,14455.88889,5,1
1224,0.639752,14227,4.933962,0
1225,0.41878,14555.27185,4.894342,1
1226,0.537299,14793.11765,5,0
1227,0.699307,14422.95455,5,0
1228,0.558637,14600.15,4.79235,0
1229,0.575046,14442.78,4.862745,0
1230,0.608144,14449.3,4.904762,0
1231,0.643826,14802.16406,4.78125,0
1232,0.566252,14502.28571,4.662162,0
1233,0.547632,14531,5,0
1234,0.539792,14932,5,0
1235,0.429273,14498.66667,5,0
1236,0.571781,14441.33333,3,0
1237,0.665907,14616,5,0
1238,0.443782,14564.23529,4.514634,0
1239,0.511289,14189.65714,4.613557,0
1240,0.427926,13930.5,4.791667,0
1241,0.537561,14593.97672,4.876644,1
1242,0.67171,14834,5,0
1243,0.519018,14631.90944,4.963327,0
1244,0.636726,14418.64407,4.928571,0
1245,0.646075,13921.35714,4.440443,0
1246,0.609419,14643.17042,4.828229,1
1247,0.499511,15001.66667,5,0
1248,0.64161,14523.33028,4.477064,0
1249,0.532227,14935,5,0
1250,0.033618,13743.14286,4.571429,0
1251,0.674904,14596,5,0
1252,0.590597,14774.09091,5,1
1253,0.429938,14680.00658,4.381777,0
1254,0.53212,15144.5,5,0
1255,0.594405,14811.82647,4.5,0
1256,0.753615,15078,5,0
1257,0.516805,14544.91177,5,1
1258,0.658705,14546,5,0
1259,0.50405,14589.76471,4.611746,0
1260,0.669665,13814.125,4.922921,0
1261,0.431734,14142.7,4.433486,0
1262,0.431869,14617.72523,4.486446,0
1263,0.567012,14602,3,0
1264,0.502517,14501.56343,5.061778,1
1265,0.456283,15436.75041,4.959217,1
1266,0.52779,14182.2,4.6,0
1267,0.493649,14172.53192,4.526917,0
1268,0.562626,14890.33333,3,0
1269,0.409487,14986.9079,4.970339,0
1270,0.137146,13878.2,5,0
1271,0.632962,14306.22222,4.056314,0
1272,0.485128,13776.16667,4.4,0
1273,0.605113,15044,5,0
1274,0.594981,14314.30769,4.912281,0
1275,0.60712,14926,5,0
1276,0.601725,14856.18182,5,0
1277,0.395032,14148,4,0
1278,0.608109,14914,5,0
1279,0.580253,15022.03659,4.697561,1
1280,0.589333,14099.1,4.820755,0
1281,0.554767,14725.44737,5,0
1282,0.516984,14396.75541,4.948614,0
1283,0.524506,14891,3,0
1284,0.669672,13818,5,0
1285,0.662968,14757,3,0
1286,0.607967,14394,4,1
1287,0.624238,14729,5,0
1288,0.376031,15365.22222,5,0
1289,0.613276,15134.66667,5,0
1290,0.559744,14610.76744,4.255814,0
1291,0.657438,14587.5,5,0
1292,0.669149,14740.58028,4.367742,0
1293,0.621308,14552,5,0
1294,0.595333,14590,5,0
1295,0.641129,14329.5,3,0
1296,0.645005,14932.6087,4.971014,0
1297,0.670221,14909,3,1
1298,0.421787,14592,5,0
1299,0.501975,14791,5,0
1300,0.59964,14178,5,1
1301,0.619105,14922,4.888889,0
1302,0.546486,14343,5,0
1303,0.545559,14113.41989,4.62439,0
1304,0.432677,13877,3.901376,0
1305,0.515379,14857.94444,4.888889,0
1306,0.52779,14182.2,4.6,0
1307,0.657081,15186,5,0
1308,0.605396,14892.43546,4.830189,1
1309,0.58449,14874.6775,4.908127,0
1310,0.484331,14693,4.914894,0
1311,0.497477,14154.58781,4.663415,0
1312,0.641013,14663,5,0
1313,0.466827,14480,5,0
1314,0.669184,14844.55952,6,1
1315,0.566529,14789.63132,4.903165,0
1316,0.611069,14687.48148,5,0
1317,0.658139,14793.62989,4.99446,0
1318,0.631504,15084,5,0
1319,0.646438,14899.38462,4.692308,0
1320,0.571915,15019.66177,5.094595,0
1321,0.75623,14591.5,5,1
1322,0.507238,14346.1,4.900489,0
1323,0.509491,14912.7907,5.178049,1
1324,0.61245,14685,5,1
1325,0.491819,13948.58407,4.796814,0
1326,0.636867,14363,5,0
1327,0.471562,14542.25756,4.935173,0
1328,0.557217,14244.40476,4.72093,0
1329,0.56985,13914,4.395349,0
1330,0.571093,14798.5,4.75,0
1331,0.645005,14932.6087,4.971014,0
1332,0.647157,14798.03766,4.556314,0
1333,0.652925,14820,5,0
1334,0.510788,15009.96667,5,0
1335,0.288298,14174.45455,4.375,0
1336,0.707864,14756,4,0
1337,0.483041,14952.87713,4.559727,0
1338,0.464733,14153.46667,5,0
1339,0.492228,14557.35473,4.933116,0
1340,0.527569,14881,3,0
1341,0.513625,14240.73333,4.880952,1
1342,0.087052,13137,3.944444,0
1343,0.624769,14717.94495,4.178899,0
1344,0.545497,15231.77049,4.759563,1
1345,0.673325,14567.83333,4.444444,0
1346,0.579125,14165,3,0
1347,0.502675,14996.47085,4.885965,1
1348,0.631031,14994,5,0
1349,0.491077,14831,5,0
1350,0.48392,14784.23333,5,1
1351,0.579401,14970.01613,4.887324,1
1352,0.605401,14846,5,0
1353,0.664165,14382.58065,4.445983,0
1354,0.509227,14788.57143,4.934747,0
1355,0.527329,14251.5,5,0
1356,0.538897,15021,5,0
1357,0.433514,14791.53822,4.756356,0
1358,0.631937,14818.73797,4.542922,1
1359,0.593917,15186.85507,4.884058,0
1360,0.447924,15261.0582,4.904661,0
1361,0.555819,14777.6,4.868852,0
1362,0.52571,14454.83807,4.789261,0
1363,0.40161,15224.83333,5,0
1364,0.476088,14273.68885,4.911909,0
1365,0.460831,15123.29017,4.987298,1
1366,0.672834,14626,5,0
1367,0.575399,15003.07143,3.571429,0
1368,0.618903,14724.75,3.857143,0
1369,0.484039,14392.5,5,0
1370,0.367357,14564.375,4.5,0
1371,0.592345,13823.86111,4.878378,0
1372,0.61489,14363,5,0
1373,0.576785,14763.64789,4.971831,1
1374,0.507127,14891.34483,3.758621,0
1375,0.443236,14502.89286,4.859155,0
1376,0.530505,14344,4,0
1377,0.581891,14525.34111,4.9716,0
1378,0.437063,14202.4,4.565854,0
1379,0.580193,14575,5,0
1380,0.498946,14904.25,4,0
1381,0.514508,14708,4,0
1382,0.584704,14994.33333,3,0
1383,0.730084,14873.5,5,0
1384,0.586443,14334.73077,4.034483,1
1385,0.497448,15074.4,5,0
1386,0.556981,15047.01724,4.413793,1
1387,0.715266,14550.24292,4.632258,0
1388,0.557882,14028.32306,4.967494,0
1389,0.62475,14895,5,0
1390,0.693025,14842.5,5,0
1391,0.43754,14872.11111,4.921569,1
1392,0.667647,15085,5,0
1393,0.638491,13881,4.5,0
1394,0.556073,14840.33333,3.666667,1
1395,0.585995,14608.49778,4.463768,0
1396,0.662308,14108.70787,4.765625,0
1397,0.507465,14593.06452,4.97619,1
1398,0.422313,14562.25393,4.497561,0
1399,0.531821,15230.83333,5,0
1400,0.689948,14166.5,5,0
1401,0.473636,15611.57051,4.661202,0
1402,0.611785,14742.64835,4.704918,1
1403,0.628627,14122.82353,4.978723,0
1404,0.515757,15304.43773,5.131377,1
1405,0.694957,14463,5,0
1406,0.498161,14585.16981,4.60587,1
1407,0.537944,13997,3,0
1408,0.512356,14743.90244,4.302326,0
1409,0.552297,14831.33149,4.79235,0
1410,0.693615,15036,5,0
1411,0.608402,14199,3.666667,0
1412,0.627269,14884,5,0
1413,0.565447,14048.33066,4.728916,0
1414,0.485122,14616.52941,4.965217,1
1415,0.439677,14765.44828,5,1
1416,0.640735,15013.07692,4.846154,0
1417,0.592378,15059,5,1
1418,0.4549,15525.12281,4.789474,1
1419,0.604311,15014,5,1
1420,0.346843,14639,4.454545,0
1421,0.601497,15009.57143,5,0
1422,0.560956,15239.67105,4.842105,1
1423,0.538924,14437,5,0
1424,0.612132,14942,5,0
1425,0.525522,14595,4,0
1426,0.107733,13529,4,0
1427,0.655175,14376.5,5,0
1428,0.512581,14968.46154,6.605263,1
1429,0.608109,14914,5,0
1430,0.48487,14778,5,0
1431,0.576319,14402.81818,5,0
1432,0.598852,14008.64103,4.647059,0
1433,0.510007,14693.92593,4.928571,0
1434,0.590911,14496.96315,4.521951,0
1435,0.661676,14903.16667,4.444444,0
1436,0.624277,14047.5,5,0
1437,0.565181,14474,3,0
1438,0.444737,14512.5,4.766667,0
1439,0.522018,14898.28571,4.571429,1
1440,0.497411,14970,4.982609,1
1441,0.424597,14625.3,5,0
1442,0.559443,14559,3,0
1443,0.67826,14275.5,4.611111,0
1444,0.630598,14251.42857,4.925926,0
1445,0.577605,14008.41096,4.56422,0
1446,0.503219,14799.92857,5,0
1447,0.397542,14830.15385,4.901408,1
1448,0.595116,15046.27907,4.44186,0
1449,0.611117,13744.70588,4.837838,0
1450,0.477123,14806.66667,5,0
1451,0.518275,14296,4,0
1452,0.613768,14605.67442,4.348837,0
1453,0.493361,14665.76,5,0
1454,0.665191,14961,5,0
1455,0.550787,15414.14815,5,0
1456,0.509795,14025,4.952381,0
1457,0.657333,14159.5,5,0
1458,0.569094,14642.98088,4.749147,1
1459,0.381003,13928.125,5,0
1460,0.380665,14305,4.583333,0
1461,0.654341,14737.5,5,0
1462,0.61962,13772.85,5,0
1463,0.648648,13805.8,4.492901,0
1464,0.397402,14310.875,4.495122,0
1465,0.524378,14653,3,0
1466,0.531785,14597.12651,5.127119,1
1467,0.450029,13960.5,4.5,0
1468,0.619883,14769.5,4.428571,0
1469,0.499378,14412.65152,5,0
1470,0.596466,14885.63904,4.682594,0
1471,0.544405,14725.58537,4.292754,1
1472,0.550225,14209.6875,4.627907,0
1473,0.486723,14859.70175,5,1
1474,0.630026,14395.87719,4.548246,0
1475,0.564047,14433.8,4,0
1476,0.53404,14537.59381,4.913873,1
1477,0.573438,14607,5,1
1478,0.664314,14833,3,1
1479,0.597775,14598.75758,5,0
1480,0.589115,14747.73684,5,0
1481,0.569935,14842.5,5,1
1482,0.495828,14707.17778,4.887324,1
1483,0.465678,14964.31579,4.811634,0
1484,0.592345,13823.86111,4.878378,0
1485,0.731455,14306.15942,4.490323,0
1486,0.517156,14248.10767,4.93801,0
1487,0.544498,14395.5,5,0
1488,0.51038,13810.33333,4,0
1489,0.572929,15069.5,5,0
1490,0.644146,13736.18182,4.955375,0
1491,0.537729,14245,3,0
1492,0.487793,15003.57143,5,1
1493,0.591245,14661.5,5,0
1494,0.455108,14685.66667,5,0
1495,0.640565,14594.08696,5,0
1496,0.698979,14582,3,0
1497,0.625392,14394,3.5,0
1498,0.491819,13948.58407,4.796814,0
1499,0.734367,14699.40282,4.393548,0
1500,0.491522,14737.75,4.5,0
1501,0.45781,14920.18523,4.960739,0
1502,0.700522,14479,5,0
1503,0.492228,14557.35473,4.933116,0
1504,0.613427,14502.25,5,0
1505,0.541733,13932,3,1
1506,0.577552,14541,5,0
1507,0.543825,14581.0625,4,0
1508,0.695167,14588.75,5,0
1509,0.498083,13872.5,4.5,0
1510,0.495896,14576,5,0
1511,0.608029,14708,4,0
1512,0.572598,14916.5,5,0
1513,0.4691,15412.83707,4.9624,1
1514,0.513233,14709,5,0
1515,0.438729,15076.47949,4.639024,1
1516,0.634151,14861,5,0
1517,0.482798,14352,4.684211,1
1518,0.627471,14745.63793,3.724138,0
1519,0.498767,15209.76316,4.302326,1
1520,0.499673,14500.6083,4.489396,0
1521,0.652113,14679.98338,5,0
1522,0.508305,14775.58333,4.583333,0
1523,0.550215,14841,5,0
1524,0.662867,14942.97656,4.78125,0
1525,0.614596,14902.98644,4.714608,1
1526,0.503601,14306,4.590164,0
1527,0.514351,14632.65,4.853181,0
1528,0.60981,14607.89254,4.304348,0
1529,0.380013,14651.16667,4.75,0
1530,0.634391,14968.57831,4.489458,0
1531,0.55267,14439.3,5,1
1532,0.466786,14452,4.950924,1
1533,0.580518,15017,5,1
1534,0.52424,15225.61765,5,0
1535,0.6688,14647,5,0
1536,0.434761,14408.48,5,0
1537,0.413685,14962.24242,4.887324,1
1538,0.453973,14853,5,0
1539,0.620742,14531.25,5,0
1540,0.5313,14707.5,4.692308,0
1541,0.437328,15179.58255,4.761295,1
1542,0.544892,14586,5,0
1543,0.375129,14974.98551,5,1
1544,0.509763,14835.92308,4.982906,0
1545,0.385044,15158.73077,4.746479,1
1546,0.408542,14362.83333,4.137615,0
1547,0.600845,14785,5,0
1548,0.620853,14903,5,0
1549,0.542951,15102.5,4,0
1550,0.674177,13984,3,0
1551,0.489113,14564.33333,4.402516,0
1552,0.468736,14995.13333,4.698113,0
1553,0.500885,15299.64286,3.428571,1
1554,0.652732,14622.57518,4.762799,0
1555,0.505385,14239.30435,5,0
1556,0.508948,14632.25,3.953488,0
1557,0.638942,14553.57456,4.95614,0
1558,0.499729,14619,5,0
1559,0.57405,14341,5,1
1560,0.626413,14713,3,0
1561,0.686766,14999,5,0
1562,0.43043,14829.53036,4.458065,1
1563,0.410802,14171.3913,4.336585,0
1564,0.654314,14360,5,0
1565,0.696458,14627.3,5,0
1566,0.602191,15037,5,1
1567,0.661351,14610,5,0
1568,0.596812,14497,4.534884,0
1569,0.666319,14655,5,0
1570,0.446205,14479,4.478873,0
1571,0.6517,14480,5,0
1572,0.387062,14770.52959,4.655873,1
1573,0.524472,14513,5,0
1574,0.552297,14831.33149,4.79235,0
1575,0.628627,14122.82353,4.978723,0
1576,0.552624,14406.66667,3,1
1577,0.724209,14363,5,0
1578,0.472659,15264.76758,4.990924,1
1579,0.56845,15096.66667,3,1
1580,0.667743,14624.50451,4.78125,0
1581,0.682157,14497,5,0
1582,0.576694,14526.6056,4.966467,0
1583,0.558816,14980.66667,3.666667,0
1584,0.470058,14550.66667,4.714286,0
1585,0.428322,14359.19231,4.609756,0
1586,0.562972,14651,3,0
1587,0.668152,14629,5,0
1588,0.508101,14543,4.928571,1
1589,0.584296,14501.66667,4.428571,0
1590,0.486992,14342.39024,5,0
1591,0.657771,14413,5,0
1592,0.575282,14963,5,0
1593,0.675575,15033.5,5,0
1594,0.509763,14835.92308,4.982906,0
1595,0.566181,14328.5,4.809524,0
1596,0.576841,14108,5,0
1597,0.35913,15518.5,6.727273,1
1598,0.550893,15313,5,1
1599,0.498477,14425.33333,5,0
1600,0.594928,15306.05263,5,0
1601,0.480503,14196.52174,4.982456,0
1602,0.588788,14574,5,0
1603,0.545298,14668.43068,4.571014,0
1604,0.636929,14240,4,0
1605,0.605022,14452,5,0
1606,0.658705,14546,5,0
1607,0.58624,14355.66667,3,0
1608,0.506653,14424.5,5,0
1609,0.519061,14218,4.748634,0
1610,0.7016,14813.89751,5,0
1611,0.567204,14493.33333,3.666667,0
1612,0.556541,14573,3,0
1613,0.424588,14379,5,0
1614,0.578944,14837.40171,5.382813,1
1615,0.660798,14348,3,0
1616,0.223415,13925.8,5,0
1617,0.634966,14578,5,0
1618,0.642346,13764.55769,4.94929,0
1619,0.69807,14116.5,5,0
1620,0.578275,14597.5,5,0
1621,0.713802,14704.5,4,0
1622,0.433276,15029.83333,5,0
1623,0.431869,14617.72523,4.486446,0
1624,0.464391,14978.07767,4.825137,0
1625,0.638942,14553.57456,4.95614,0
1626,0.522356,14633.66667,5,0
1627,0.637879,14872.58491,4.830189,0
1628,0.491913,14949.3,5,0
1629,0.491568,14448.5,4.592593,1
1630,0.468032,14606.5,4.741228,1
1631,0.63523,14740,3,0
1632,0.709688,14407.5,3,0
1633,0.452272,14623.82573,4.487083,1
1634,0.527236,15029,5,0
1635,0.673067,14767.66667,5.055556,1
1636,0.634164,14302,5,0
1637,0.657085,14487,5,0
1638,0.440024,14939.10142,4.936185,1
1639,0.681851,15144,5,1
1640,0.369285,14884,5,0
1641,0.551523,15151.27322,4.628415,1
1642,0.426078,14737.13178,4.721386,0
1643,0.528982,14565,3,1
1644,0.552902,14409.92105,5,0
1645,0.585933,14323,3,0
1646,0.464395,15054.23326,5.176183,0
1647,0.576841,14108,5,0
1648,0.61695,14754.28409,4.440367,1
1649,0.481193,13664.95455,4.470732,0
1650,0.631009,14564.07692,4.915094,0
1651,0.502425,14728.63158,5,0
1652,0.650831,14770,5,0
1653,0.60182,14358,3,0
1654,0.592207,15154.8,5,0
1655,0.60229,14217,4,0
1656,0.413545,14642.64602,4.808743,0
1657,0.5523,14750.25877,4.987288,0
1658,0.422313,14562.25393,4.497561,0
1659,0.593705,14062.93333,4.125683,0
1660,0.471562,14542.25756,4.935173,0
1661,0.5545,14213,5,0
1662,0.483698,14180.36066,4.944535,0
1663,0.575488,14511.66667,5,0
1664,0.499848,15075,5,0
1665,0.443288,13730,4.057737,0
1666,0.485337,14364,4.72549,1
1667,0.664733,15087.83333,5.5,1
1668,0.507274,14241.18293,4.886957,0
1669,0.602135,14771.5,3,1
1670,0.603634,14998,5,0
1671,0.477127,14594.55556,4.619048,0
1672,0.586074,14947.39623,4.773585,0
1673,0.480901,14937.70588,5,1
1674,0.569681,14601.5,5,0
1675,0.683897,14844,5,0
1676,0.482816,15065.75,5,0
1677,0.491077,14831,5,0
1678,0.66514,14392.39844,4.796875,0
1679,0.513121,15266.33333,3.571429,1
1680,0.469593,14603.62745,4.470968,1
1681,0.593548,14092,3,0
1682,0.658292,14477,5,0
1683,0.537729,14245,3,0
1684,0.076933,14008.8,5,0
1685,0.626756,14812,3,0
1686,0.529238,14391.62683,4.646341,0
1687,0.460276,15307.80865,4.849918,0
1688,0.528928,14863,5,0
1689,0.542525,14958.25,5,1
1690,0.563776,14171.33333,4.777778,0
1691,0.645652,14894,5,0
1692,0.695167,14588.75,5,0
1693,0.445512,14502,5,0
1694,0.452171,14680.09497,4.972864,0
1695,0.578655,13747.13044,4.339623,0
1696,0.585481,14526.9,4.2,0
1697,0.632368,14451,5,0
1698,0.637175,14663,5,0
1699,0.574549,14635.92857,5.608108,0
1700,0.462244,14399,4.568627,1
1701,0.481193,13664.95455,4.470732,0
1702,0.63473,14738.5,3,0
1703,0.624665,14782.71429,3.571429,0
1704,0.625877,14135.90909,5,0
1705,0.488384,14947.83333,4.666667,0
1706,0.579293,14831.53105,4.904876,0
1707,0.486338,14325,5,0
1708,0.509763,14835.92308,4.982906,0
1709,0.621721,14406,5,0
1710,0.709715,14330.4,4.851852,0
1711,0.613,14751.5,3,1
1712,0.614471,13611,4.921053,0
1713,0.549497,14269.77778,5,1
